﻿Sheet,"Year in School:","UCLA GPA:","Expected Grade:","What requirements does this course fulfill?","Teaching Assistant Knowledge – The T.A. was knowledgeable about the material.","Teaching Assistant Concern – The T.A. was concerned about student learning.","Organization – Section presentations were well prepared and organized.","Scope – The teaching assistant expanded on course ideas.","Interaction – Students felt welcome in seeking help in or outside of the class.","Communication Skills – The teaching assistant had good communication skills.","Value – The overall value of the sections justified your time and effort.","Overall – What is your overall rating of the teaching assistant?","Difficulty (relative to other courses)","Workload/pace was","Integration of section with course was","Texts, required readings","Homework assignments","Graded materials, examinations","Lecture presentations","Class discussions","Please identify what you perceive to be the real strengths and weaknesses of this teaching assistant and course.",timestamp,Source of dataset
1,4,5,1,1,9,9,9,9,9,9,9,9,2,2,2,2,2,2,2,2,"[IMAGE]",05/30/2017 at 02:20:37 pm,"O"
2,4,5,1,1,9,9,9,9,9,9,9,9,3,3,3,3,3,3,3,3,"[IMAGE]",05/30/2017 at 03:13:06 pm,"O"
3,4,5,2,1,9,9,8,9,8,8,9,9,3,2,3,2,2,2,3,3,"[IMAGE]",05/30/2017 at 03:31:28 pm,"M"
4,4,5,8,1,8,8,8,8,8,8,8,8,2,2,2,2,2,2,2,2,"Very helpful.",05/30/2017 at 05:51:50 pm,"O"
5,4,5,1,1,9,9,9,9,9,9,9,,2,2,3,2,2,2,0,0,"Garrett is the nicest guy! So willing to help anyone who has questions, and he is very knowledgeable about the material, as well! ",05/30/2017 at 09:30:52 pm,"O"
6,4,4,8,1,7,8,7,7,8,8,7,8,3,2,3,0,2,2,0,3,"[IMAGE]",05/31/2017 at 02:16:32 pm,"O"
7,4,4,2,1,7,7,6,7,7,7,7,7,2,2,2,2,2,2,2,2,"good",05/31/2017 at 03:05:32 pm,"O"
8,4,3,8,1,9,9,9,9,9,9,9,9,2,2,3,3,3,3,3,3,"[IMAGE]",06/01/2017 at 02:21:16 pm,"O"
9,4,5,2,1,7,9,9,9,9,9,7,9,3,3,1,1,1,1,1,1,"My answers to some of the above questions (which I rated poorly) are NOT a reflection of Garrett.  Much of section was not dependent on Garrett or his abilities at all, as it was led by one of the three professors.  The parts that Garrett covered were always far superior because he took the time to break things down and present them so that we could actually understand what was going on.  I appreciated Garrett's concern with student learning and shared his frustration for how the grading was done.  It was incredibly unfair that we were graded with rubrics that we had no access to.  However, he attempted to clarify during office hours when possible, and I appreciated his efforts.  He was also responsive to questions.",06/03/2017 at 10:39:51 pm,"O"
10,4,4,3,1,8,8,8,8,8,8,8,8,3,2,2,,,,,,"Garrett was very helpful, especially during the neuroanatomy portion of the course. He answered all questions thoroughly and expanded on information. He was also helpful by asking us additional questions so that we can be well prepared for the practical. I also liked that he went through information slowly. ",06/04/2017 at 10:10:09 am,"O"
11,4,3,2,1,8,8,8,8,8,8,8,8,2,2,2,2,2,2,2,2,"Garrett is a funny TA who knew when to be funny but also when to be professional and be helpful to the students as a TA. He was knowledgeable about the material taught and was not afraid to ask for guidance from the professor if needed.",06/04/2017 at 04:57:01 pm,"O"
12,4,4,2,1,8,9,0,9,9,9,8,9,2,2,2,2,2,2,2,2,"Garret was the most easy ta to approach. He stayed to ask your questions until you thoroughly understood a certain topic. He almost always knew all the topics and if he didn't he made sure to get back to us.",06/05/2017 at 12:23:43 pm,"O"
13,4,5,2,1,7,7,7,7,7,7,7,7,3,2,2,2,2,2,2,2,"[IMAGE]",06/05/2017 at 08:17:06 pm,"O"
14,4,4,8,1,8,8,7,8,8,8,9,9,3,3,3,0,0,,3,3,"[IMAGE]",06/06/2017 at 11:44:44 am,"O"
15,4,4,2,1,9,9,9,9,9,9,9,9,2,2,2,2,2,2,2,2,"Really great presence to have in lab. Really fun energy with a lot of knowledge, made it really fun to be in lab. Very approachable and helpful. ",06/06/2017 at 11:57:54 am,"O"
16,4,4,8,1,9,9,9,9,9,9,9,9,2,2,3,2,2,2,3,3,"TA was very friendly and knowledgeable about course material. He was always available and happy to answer any questions. In general, the presence of TAs in lab was extremely helpful because they provided a more personal level of instruction. TAs like him make an already good course even better.",06/06/2017 at 07:08:53 pm,"O"
17,4,3,2,1,8,9,0,9,9,8,9,8,2,2,3,2,2,2,0,0,"Really nice and patient with students. At times, the TA didn't seem entirely confident with the material and explanations given but throughout the course, confidence grew",06/08/2017 at 11:18:41 am,"O"
18,4,5,2,1,9,9,9,9,9,9,9,9,3,3,3,3,3,3,3,3,"Garrett was an extremely helpful and approachable TA! He always encouraged us to ask him questions and was very good at explaining any concepts that we were confused about. He is extremely knowledgeable on the course material. Thank you so much for your help this quarter, Garrett!!",06/09/2017 at 11:33:48 am,"O"
19,4,5,1,1,9,9,9,9,9,9,9,9,2,2,3,3,2,2,0,0,"Garrett is incredibly knowledgeable and helpful! He has a deep understanding of the course material, and comes to lab with a great sense of humor and positive attitude. He was a pleasure to have around! ",06/09/2017 at 03:03:08 pm,"O"
20,4,4,1,1,6,7,0,0,7,8,8,7,3,2,3,0,3,3,0,0,"[IMAGE]",06/09/2017 at 10:56:49 pm,"O"
21,4,4,2,1,8,8,0,8,8,8,8,8,2,2,2,2,2,2,2,2,"He was very knowledgeable about the material and always willing to help.  He took the time to learn our names and was easy to talk to",06/10/2017 at 12:51:12 am,"M"
