﻿Sheet,"Year in School:","UCLA GPA:","Expected Grade:","What requirements does this course fulfill?","Teaching Assistant Knowledge – The T.A. was knowledgeable about the material.","Teaching Assistant Concern – The T.A. was concerned about student learning.","Organization – Section presentations were well prepared and organized.","Scope – The teaching assistant expanded on course ideas.","Interaction – Students felt welcome in seeking help in or outside of the class.","Communication Skills – The teaching assistant had good communication skills.","Value – The overall value of the sections justified your time and effort.","Overall – What is your overall rating of the teaching assistant?","Difficulty (relative to other courses)","Workload/pace was","Integration of section with course was","Texts, required readings","Homework assignments","Graded materials, examinations","Lecture presentations","Class discussions","Please identify what you perceive to be the real strengths and weaknesses of this teaching assistant and course.",timestamp,Source of dataset
1,3,5,1,1,6,6,6,6,6,6,6,8,1,2,2,2,2,1,1,2,"Very knowledgable TA!",05/26/2020 at 07:16:20 pm,"O"
2,3,5,8,1,9,9,9,6,9,9,5,9,2,2,2,2,2,2,2,2,"Garrett was a great TA! I enjoyed being in his lab sections. He was always attentive and helpful when I needed help.",05/27/2020 at 05:07:35 pm,"O"
3,3,5,2,1,8,8,0,8,8,8,8,8,3,2,2,2,2,2,2,2,"[IMAGE]",05/31/2020 at 09:24:42 am,"O"
4,4,5,1,1,9,9,0,0,9,9,7,9,2,2,3,2,2,0,0,2,"Garrett is a great TA. From day one, he tried to make everyone feel comfortable with this odd lab on Zoom. He is patient and easy to talk to, so there are no issues with approaching him to ask a question. He is extremely helpful as well. I think he goes above what he is expected to do. For example, while an instructor might be lecturing, Garrett is always addressing students' immediate concerns and questions in the chat box on Zoom. He's great!",06/04/2020 at 01:23:19 pm,"O"
5,3,5,1,1,9,4,7,,4,7,6,7,3,3,3,3,3,2,3,3,"Garrett is a really knowledgeable TA. Whenever I asked questions in lab, he would answer them very well. The only weakness was that he never responded to my emails.",06/05/2020 at 01:00:12 am,"O"
6,4,5,1,1,9,9,0,9,9,9,9,9,3,2,3,0,2,2,3,2,"Garret was so great! So knowledgeable and expresses this knowledge in a way students can easily understand. You can tell he is genuinely interested in student success. ",06/05/2020 at 02:36:06 am,"O"
7,4,4,1,1,8,8,0,8,8,8,8,8,2,2,2,2,2,2,2,2,"[IMAGE]",06/05/2020 at 07:25:27 pm,"O"
