﻿Sheet,"Year in School:","UCLA GPA:","Expected Grade:","What requirements does this course fulfill?","Teaching Assistant Knowledge – The T.A. was knowledgeable about the material.","Teaching Assistant Concern – The T.A. was concerned about student learning.","Organization – Section presentations were well prepared and organized.","Scope – The teaching assistant expanded on course ideas.","Interaction – Students felt welcome in seeking help in or outside of the class.","Communication Skills – The teaching assistant had good communication skills.","Value – The overall value of the sections justified your time and effort.","Overall – What is your overall rating of the teaching assistant?","Difficulty (relative to other courses)","Workload/pace was","Integration of section with course was","Texts, required readings","Homework assignments","Graded materials, examinations","Lecture presentations","Class discussions","Please identify what you perceive to be the real strengths and weaknesses of this teaching assistant and course.",timestamp,Source of dataset
1,4,5,1,1,7,7,7,7,7,7,7,7,2,2,3,3,3,3,3,3,"[IMAGE]",05/25/2021 at 04:08:57 pm,"O"
2,4,5,8,1,8,8,8,8,8,8,8,8,2,2,2,0,2,2,2,2,"[IMAGE]",05/25/2021 at 05:07:06 pm,"O"
3,4,5,1,1,7,7,8,7,8,8,8,7,3,3,3,2,2,2,2,2,"[IMAGE]",06/04/2021 at 06:19:52 pm,"M"
4,4,5,1,1,8,8,0,8,8,8,0,8,,,,,,,,,"I went to Garrett's office hours and he was nice and helpful with the lab report. Thanks Garrett!",06/04/2021 at 09:38:58 pm,"O"
