﻿Sheet,"Year in School:","UCLA GPA:","Expected Grade:","What requirements does this course fulfill?","Teaching Assistant Knowledge – The T.A. was knowledgeable about the material.","Teaching Assistant Concern – The T.A. was concerned about student learning.","Organization – Section presentations were well prepared and organized.","Scope – The teaching assistant expanded on course ideas.","Interaction – Students felt welcome in seeking help in or outside of the class.","Communication Skills – The teaching assistant had good communication skills.","Value – The overall value of the sections justified your time and effort.","Overall – What is your overall rating of the teaching assistant?","Difficulty (relative to other courses)","Workload/pace was","Integration of section with course was","Texts, required readings","Homework assignments","Graded materials, examinations","Lecture presentations","Class discussions","Please identify what you perceive to be the real strengths and weaknesses of this teaching assistant and course.",timestamp,Source of dataset
1,4,1,8,1,8,8,8,8,8,8,8,8,2,2,2,2,2,2,2,2,"Garrett Blair is really nice and attentive and is quick to help and answer any questions I had. He seems to be able to explain concepts in layman's terms and it helps me understand things easily.",05/28/2019 at 04:53:44 pm,"O"
2,4,5,1,1,9,9,7,8,9,9,9,9,2,2,2,0,2,2,2,2,"Garrett was extremely knowledgeable about the course material and seemed passionate about what he was teaching. Very approachable with questions ",05/29/2019 at 03:20:32 pm,"O"
3,4,4,1,1,9,9,9,9,9,9,8,8,2,2,2,2,2,2,3,3,"[IMAGE]",05/30/2019 at 02:15:34 pm,"O"
4,4,5,1,1,8,7,8,7,7,8,7,8,2,2,2,2,2,2,2,2,"Garrett was very knowledgable about course material. He was very good with coding and cared about student learning. ",05/30/2019 at 05:05:40 pm,"O"
5,4,5,1,1,8,9,9,8,9,9,9,9,2,2,3,3,3,3,3,3,"[IMAGE]",05/31/2019 at 03:54:52 pm,"O"
6,4,5,8,1,9,9,9,9,9,9,9,9,2,2,2,2,2,3,2,0,"[IMAGE]",06/01/2019 at 12:52:56 am,"O"
7,4,5,1,1,9,9,9,9,9,9,9,9,0,0,0,0,0,0,3,0,"[IMAGE]",06/02/2019 at 12:10:18 am,"O"
8,4,5,1,1,9,9,9,9,9,9,9,9,3,2,3,3,3,3,3,3,"Great",06/02/2019 at 04:52:44 pm,"O"
9,3,3,8,1,8,8,8,8,8,8,8,8,2,2,2,2,2,2,2,2,"[IMAGE]",06/03/2019 at 11:34:20 am,"O"
10,4,5,8,1,9,9,9,9,9,9,9,9,3,2,2,2,2,2,2,2,"[IMAGE]",06/03/2019 at 07:56:29 pm,"O"
11,4,4,2,,9,9,9,9,9,9,9,9,3,3,3,3,3,3,3,3,"I don't really know who G.J. is but i answered as if it's garret",06/03/2019 at 09:27:09 pm,"O"
12,4,4,1,1,9,9,9,9,9,9,9,9,3,3,3,3,3,3,3,3,"[IMAGE]",06/04/2019 at 08:54:59 pm,"O"
13,4,4,8,1,9,9,9,9,9,9,9,9,2,2,3,3,3,3,3,3,"As I student I was able to see your passion for neuroscience and that passion drove me to be more much more interested in the content. I was comfortable asking you questions without the fear of sounding 'dumb'. You encompass the ideals, compassion and drive of that of a great instructor. ",06/06/2019 at 03:10:17 pm,"O"
14,4,5,1,1,9,9,8,8,8,9,9,8,2,2,2,2,2,2,0,3,"[IMAGE]",06/07/2019 at 03:14:35 am,"O"
15,4,5,8,1,9,9,9,9,9,9,9,9,2,2,2,0,2,2,2,2,"Garrett was an excellent TA! He was a really nice guy and cared about the students' learning. He answered all my questions and challenged me to think about topics deeper. He helped me a lot in understanding all the different concepts and activities we did in lab. He even stayed longer during office hours to help all of us confused students and he replies to emails in a quick manner! Overall, really really great TA and I think he would be an excellent professor.",06/07/2019 at 04:49:33 pm,"O"
16,4,5,1,1,9,9,9,9,9,9,9,9,1,1,2,0,2,2,2,0,"He was very knowledgeable and helpful. Also really seemed to care and had great explanations for all the questions we asked. ",06/07/2019 at 06:54:12 pm,"O"
17,4,3,3,1,9,9,9,9,9,9,9,9,3,2,3,0,0,2,2,2,"an overall really good job as a ta. always very friendly and easy to ask questions to, while maintaining a well adept knowledge of the course material and even information beyond that that aided in further knowledge. ",06/07/2019 at 09:55:54 pm,"O"
18,4,3,8,1,9,9,0,9,9,9,9,9,2,2,2,2,2,2,2,2,"I very much appreciated having Garrett as a TA for this class. When asked a question, he knew the answer; however he was always able to explain the answer in 'plain English' making the information easy to understand. In addition to this, he was very helpful in trouble shooting problems that came up during lab especially with computer software and coding. He always seemed to be a solid go-to for clarification or leading you to the next step. Having him as a TA likely made lab easier than it would have been otherwise.",06/08/2019 at 03:22:28 am,"O"
19,4,5,1,1,9,9,9,9,9,9,9,9,2,2,2,2,2,2,2,2,"[IMAGE]",06/08/2019 at 04:44:40 am,"O"
