﻿Sheet,"Year in School:","UCLA GPA:","Expected Grade:","What requirements does this course fulfill?","Teaching Assistant Knowledge – The T.A. was knowledgeable about the material.","Teaching Assistant Concern – The T.A. was concerned about student learning.","Organization – Section presentations were well prepared and organized.","Scope – The teaching assistant expanded on course ideas.","Interaction – Students felt welcome in seeking help in or outside of the class.","Communication Skills – The teaching assistant had good communication skills.","Value – The overall value of the sections justified your time and effort.","Overall – What is your overall rating of the teaching assistant?","Difficulty (relative to other courses)","Workload/pace was","Integration of section with course was","Texts, required readings","Homework assignments","Graded materials, examinations","Lecture presentations","Class discussions","Please identify what you perceive to be the real strengths and weaknesses of this teaching assistant and course.",timestamp,Source of dataset
1,3,4,2,1,6,9,9,4,9,9,5,7,2,2,3,2,1,1,3,3,"[IMAGE]",03/07/2017 at 01:13:39 pm,"O"
2,3,3,2,1,7,7,8,8,8,8,8,8,2,2,3,2,2,2,2,3,"Garret is always willing to help students with whatever he can. He is patient and wants students to learn.",03/09/2017 at 12:11:57 pm,"O"
3,2,5,1,1,9,9,9,9,9,9,9,9,2,2,3,3,3,3,3,3,"[IMAGE]",03/11/2017 at 03:32:10 pm,"O"
4,3,5,1,1,9,9,9,9,9,9,9,9,2,2,3,2,2,2,2,2,"super knowledgeable and very helpful! Also really approachable ",03/11/2017 at 11:31:18 pm,"O"
5,2,4,1,1,7,7,9,7,9,9,9,9,2,2,3,0,0,3,0,3,"[IMAGE]",03/15/2017 at 06:37:56 am,"O"
6,2,4,2,,9,9,9,9,9,9,9,9,3,2,3,2,3,2,3,3,"This TA was very involved and very helpful with all of the work. I really understood when I made an error and how to fix that error in the future. I was able to go to him about concerns about my grades and we worked on how to better retain that information and how to better take multiple choice tests.",03/15/2017 at 01:07:25 pm,"O"
7,3,4,2,1,9,,8,9,9,9,9,9,3,2,3,3,3,3,3,3,"He is very supportive and helpful, a great TA. He provides help with understanding and utilizing the available resources to be successful in the course.",03/17/2017 at 02:05:02 pm,"O"
8,3,3,2,1,9,9,9,9,9,9,9,9,2,2,2,2,2,2,3,3,"It was a great quarter keep being you Garrett !",03/17/2017 at 04:14:52 pm,"O"
9,3,5,1,1,9,9,9,9,9,9,9,9,2,2,3,0,2,3,3,3,"Garrett was the best TA I've ever had in my entire life.  He was the most knowledgeable and approachable teaching assistant I have had the pleasure of learning with.  He added humor to a rather dry topic of discussion.  I would definitely take sections with him as TA again.  He graded tough, but his comments really helped me improve my work.",03/17/2017 at 04:43:37 pm,"O"
10,3,4,1,1,8,9,8,9,9,9,9,9,3,3,2,2,2,2,2,2,"Garrett was superrr approachable, and just a pleasure to have as a teaching assistant. He seemed to really care about our class and our learning. 10/10 would have him as a TA again. He's also pretty responsive to emails and that's pretty important. Overall, he made this course a lot more bearable :) ",03/17/2017 at 09:14:56 pm,"O"
11,2,5,1,1,8,9,9,9,9,9,9,9,2,2,2,2,2,2,3,3,"Great TA. Funny, educated on the topic, cared about students.",03/18/2017 at 12:50:29 am,"O"
