﻿Sheet,"Year in School:","UCLA GPA:","Expected Grade:","What requirements does this course fulfill?","Teaching Assistant Knowledge – The T.A. was knowledgeable about the material.","Teaching Assistant Concern – The T.A. was concerned about student learning.","Organization – Section presentations were well prepared and organized.","Scope – The teaching assistant expanded on course ideas.","Interaction – Students felt welcome in seeking help in or outside of the class.","Communication Skills – The teaching assistant had good communication skills.","Value – The overall value of the sections justified your time and effort.","Overall – What is your overall rating of the teaching assistant?","Difficulty (relative to other courses)","Workload/pace was","Integration of section with course was","Texts, required readings","Homework assignments","Graded materials, examinations","Lecture presentations","Class discussions","Please identify what you perceive to be the real strengths and weaknesses of this teaching assistant and course.",timestamp,Source of dataset
1,4,5,1,1,9,9,9,9,9,9,9,9,3,2,0,0,0,3,3,3,"Great job! Very helpful TA",05/28/2019 at 12:35:41 pm,"O"
2,4,4,2,1,6,6,5,6,5,6,6,6,2,3,2,2,1,1,2,1,"[IMAGE]",05/28/2019 at 04:17:57 pm,"O"
3,4,5,8,1,9,9,9,9,9,9,9,9,3,2,3,0,3,2,3,3,"[IMAGE]",05/28/2019 at 05:57:15 pm,"O"
4,3,5,2,1,9,9,7,9,9,9,9,9,3,3,3,0,3,3,0,3,"Garrett's great! I never utilized office hours, but whenever I asked him questions during the lab, he was very helpful in pushing me towards the right answer rather than outright answering questions. This is the first class that I've taken in a long time where the TAs (Dalar and Garrett) actually knew the information like the back of their hand. Garrett is also really friendly, so he's easy to approach for questions.",05/28/2019 at 06:47:40 pm,"O"
5,4,4,8,1,8,8,8,8,8,8,8,8,2,2,2,0,0,0,0,2,"He was very knowledgeable about the content.",05/28/2019 at 11:49:48 pm,"O"
6,4,,,,,,,,,,,,,,,,,,,,"[IMAGE]",05/29/2019 at 02:05:56 pm,"O"
7,4,4,2,1,9,9,9,9,9,9,9,9,2,2,2,2,2,2,2,2,"[IMAGE]",05/29/2019 at 03:58:21 pm,"O"
8,4,5,1,1,9,9,9,9,9,9,9,9,2,2,3,3,3,3,3,3,"[IMAGE]",05/30/2019 at 12:51:33 pm,"O"
9,4,4,,1,8,8,8,8,8,8,8,8,,,,,,,,,"[IMAGE]",05/30/2019 at 02:11:51 pm,"O"
10,3,4,2,1,8,8,8,8,8,8,8,8,2,2,2,2,2,2,2,2,"[IMAGE]",05/31/2019 at 11:05:27 pm,"O"
11,4,4,8,1,9,9,9,9,9,9,9,9,2,2,2,2,2,2,2,2,"Garret was an awesome T.A. and I am so glad I had him for this course. I never felt scared to ask him questions during class or in office hours. His knowledge about the course and enthusiasm made me feel like I actually enjoyed going to class. I can't think of any weaknesses to list for him.",06/01/2019 at 09:27:32 am,"O"
12,4,,2,1,8,8,8,8,8,8,8,8,2,2,2,2,2,2,2,2,"[IMAGE]",06/03/2019 at 08:30:20 am,"O"
13,4,3,3,1,8,8,8,8,8,8,8,8,2,2,2,2,3,2,2,,"[IMAGE]",06/03/2019 at 10:39:34 am,"O"
14,4,5,1,1,9,9,9,9,9,9,9,9,2,2,3,2,2,3,3,3,"[IMAGE]",06/03/2019 at 02:08:31 pm,"O"
15,4,5,2,1,9,9,9,9,9,9,9,9,2,2,3,3,3,3,3,3,"[IMAGE]",06/03/2019 at 08:29:47 pm,"O"
16,4,3,2,1,9,9,9,9,9,9,9,9,2,2,2,2,2,2,2,2,"Garret was super helpful and made the class fun!",06/05/2019 at 02:25:25 pm,"O"
17,4,5,1,1,9,9,9,9,9,9,9,9,2,2,2,2,2,2,2,2,"The TA was clear and extremely knowledgeable and helpful in lab.",06/06/2019 at 12:32:11 pm,"O"
18,4,5,8,1,7,8,8,9,9,9,8,9,3,3,3,2,2,2,2,3,"Awesome TA and really knew his stuff. The TA was super engaging and I felt like I was able to ask him any questions I had",06/07/2019 at 08:58:11 am,"O"
19,4,4,2,1,9,9,9,9,9,9,9,9,2,2,2,2,2,2,2,2,"Blair was very knowledgable on all materials of this course. ",06/07/2019 at 03:59:18 pm,"O"
20,4,4,1,1,9,9,9,9,9,9,9,9,3,3,3,2,2,2,3,3,"Very approachable and willing to help. Liked that he was very knowledgable and willing to share his knowledge. He shared information about concepts beyond the class which was interesting (ex: his research). Very helpful, even when students are too shy to ask for help or do not know they are doing something wrong. ",06/07/2019 at 04:13:04 pm,"O"
21,4,5,8,1,9,9,9,9,9,9,9,9,2,2,2,2,2,2,2,2,"[IMAGE]",06/07/2019 at 07:27:40 pm,"O"
22,,,,,,,,,,,,,,,,,,,,,"[IMAGE]",06/08/2019 at 03:21:52 am,"O"
