﻿Sheet,"Year in School:","UCLA GPA:","Expected Grade:","What requirements does this course fulfill?","Teaching Assistant Knowledge – The T.A. was knowledgeable about the material.","Teaching Assistant Concern – The T.A. was concerned about student learning.","Organization – Section presentations were well prepared and organized.","Scope – The teaching assistant expanded on course ideas.","Interaction – Students felt welcome in seeking help in or outside of the class.","Communication Skills – The teaching assistant had good communication skills.","Value – The overall value of the sections justified your time and effort.","Overall – What is your overall rating of the teaching assistant?","Difficulty (relative to other courses)","Workload/pace was","Integration of section with course was","Texts, required readings","Homework assignments","Graded materials, examinations","Lecture presentations","Class discussions","Please identify what you perceive to be the real strengths and weaknesses of this teaching assistant and course.",timestamp,Source of dataset
1,4,4,1,1,7,8,8,5,7,7,6,7,3,2,3,0,2,0,0,3,"Garrett was very helpful in section. He was always ready to answer student questions and to clarify tricky things from lecture. ",11/22/2016 at 09:30:09 am,"O"
2,3,3,8,1,9,9,9,9,9,9,9,9,3,2,3,3,3,3,3,3,"discussion slides are well put together. very good at picking out the most important info to discuss. at the beginning there wasn't much class participation/ discussion but definitely improved by the end of the quarter.",11/22/2016 at 10:15:09 am,"O"
3,4,5,1,1,9,8,9,9,9,8,9,9,2,2,3,2,3,2,0,3,"[IMAGE]",11/22/2016 at 12:44:55 pm,"O"
4,3,3,2,1,8,9,9,9,9,9,8,9,2,2,3,1,0,3,3,3,"Great source of secondary information - he was excellent at teaching and going over key concepts in a small amount of time.",11/23/2016 at 12:15:48 pm,"O"
5,3,5,1,1,9,9,9,9,9,9,9,9,3,3,3,2,2,2,3,3,"Garrett is knowledgeable about the subject matters, and is very good at explaining them. His discussion sessions are always well-prepared and structured. ",11/24/2016 at 11:18:54 pm,"O"
6,3,5,8,1,9,9,9,9,9,9,9,9,3,2,3,2,2,2,3,2,"Garret is one of the best TAs I have ever had. He is very knowledgable, approachable, and willing to help. He is able to engage the class and his explanations are nice and clear. I am grateful to have Garret as the TA for this class. ",11/26/2016 at 03:25:40 pm,"O"
7,3,4,3,,9,9,9,9,9,9,9,9,3,3,3,2,2,2,3,3,"Garrett is really passionate about the material. He always was concerned with making sure that students really understand the topics covered in lecture. One strength is that he would bring relevant examples that demonstrate the principles and help students understand them better.",11/29/2016 at 09:30:59 am,"O"
8,3,5,8,1,7,7,8,7,7,7,7,8,3,,2,2,0,2,2,2,"Garrett was very organized and always covered the section material clearly. He also made sections more interesting by showing related videos and expanding on interesting topics.",11/29/2016 at 02:24:09 pm,"O"
9,4,5,2,1,9,9,8,8,9,9,9,9,3,2,2,1,1,2,2,2,"Garrett was a great TA. He was friendly and welcoming to students. He really helped me during office hours to always answer all my questions since I did not like the professor. I felt that the section presentations were good, but I wish there could have been more to help prepare for the midterms and finals. Like practice exams or questions. Overall I would recommend this TA to another student. ",11/30/2016 at 09:15:37 am,"M"
10,3,5,1,1,7,8,9,8,8,8,8,7,1,2,3,0,0,2,3,3,"Garrett is a great teaching assistant. He is very patient when explaining concepts to students who are confused. He is very welcoming, which allows the students to feel comfortable asking him questions in discussion and office hours. He is kind, friendly, and very knowledgeable about the course material. In his discussion presentations, he adds animations and videos that help the students have a better understanding of confusing concepts. He is awesome!",11/30/2016 at 09:31:52 am,"O"
11,3,5,8,1,7,8,8,6,8,8,8,7,3,2,2,0,0,3,3,0,"Garrett has some work to do with getting the class to interact and have better explanations for some harder concepts. I foresee that these skills will come with more teaching opportunities. He is knowledgeable about the material as well as presents the information by adding additional examples that make the material more relevant to real life applications. He clearly cares about the learning of his students and is easily approachable in discussion and office hours.",11/30/2016 at 11:40:51 am,"O"
12,3,4,2,1,9,9,9,9,9,9,9,9,3,3,3,3,3,3,3,3,"[IMAGE]",11/30/2016 at 01:08:19 pm,"O"
13,3,5,8,1,9,9,9,9,9,9,9,9,3,3,3,3,3,3,3,3,"[IMAGE]",11/30/2016 at 02:03:37 pm,"O"
14,4,3,8,1,8,9,8,8,8,9,9,9,3,3,2,2,0,3,3,3,"He was awesome as a first time TA.  I always went to his OH and he showed me around his lab which was really nice of him.",12/02/2016 at 01:06:20 pm,"O"
15,4,3,2,,9,9,9,9,9,9,9,9,2,2,3,3,0,2,2,2,"Seemed very approachable and knowledgeable about the material. I liked how he really tried to get students to answer questions during discussion, but I was also glad that I didn't get called on because I didn't have a good grasp of the material. The discussion sections provided a good review of the lecture material and clarified things that I was confused on. ",12/03/2016 at 04:22:14 am,"O"
