﻿Sheet,Year in School:,UCLA GPA:,Expected Grade:,What requirements does this course fulfill?,Teaching Assistant Knowledge – The T.A. was knowledgeable about the material.,Teaching Assistant Concern – The T.A. was concerned about student learning.,Organization – Section presentations were well prepared and organized.,Scope – The teaching assistant expanded on course ideas.,Interaction – Students felt welcome in seeking help in or outside of the class.,Communication Skills – The teaching assistant had good communication skills.,Value – The overall value of the sections justified your time and effort.,Overall – What is your overall rating of the teaching assistant?,Difficulty (relative to other courses),Workload/pace was,Integration of section with course was,"Texts, required readings",Homework assignments,"Graded materials, examinations",Lecture presentations,Class discussions,Please identify what you perceive to be the real strengths and weaknesses of this teaching assistant and course.,timestamp,Source of dataset
1,4,5,8,1,8,8,0,9,8,8,8,8,2,2,2,2,2,2,2,2,[IMAGE],05/30/2017 at 12:59:01 pm,O
2,4,3,1,,9,9,9,9,9,9,9,9,2,2,2,2,2,2,2,2,Very helpful and knowledgeable in the topic. ,05/30/2017 at 03:05:52 pm,O
3,4,5,1,,9,9,9,9,9,9,9,9,3,3,3,3,3,3,3,3,[IMAGE],05/30/2017 at 03:24:32 pm,O
4,4,4,2,1,8,8,8,8,9,8,8,8,2,2,3,3,2,2,2,3,[IMAGE],05/30/2017 at 03:33:19 pm,O
5,4,3,8,1,6,6,5,5,5,5,5,5,3,2,3,2,2,2,2,2,[IMAGE],05/30/2017 at 06:47:13 pm,O
6,4,5,2,,9,9,9,9,9,9,9,9,0,0,0,0,0,0,0,0,[IMAGE],05/31/2017 at 04:15:31 pm,O
7,4,5,8,1,9,9,9,9,9,9,9,9,3,3,3,2,2,2,3,3,He was very helpful and nice. He definitely knew his material and was willing to help other students.,05/31/2017 at 04:19:46 pm,O
8,4,5,2,1,8,8,8,8,8,8,8,9,3,3,2,1,1,1,1,1,Garret is an amazing T.A. You can tell he really does care about his students. He is always friendly and eager to help the students. ,05/31/2017 at 09:56:53 pm,O
9,4,5,1,1,7,7,7,7,7,7,7,7,2,2,2,2,2,2,2,2,[IMAGE],06/01/2017 at 03:43:32 pm,O
10,4,5,8,1,9,9,9,9,9,9,9,9,2,2,2,2,2,2,2,2,[IMAGE],06/04/2017 at 01:52:35 pm,O
11,4,4,3,1,8,8,0,0,8,9,8,8,2,2,3,2,2,2,2,2,"Garrett has a certain way about him that makes almost any student comfortable in going to him for help. For this class he was not able to showcase as much of his skills as a presenter/lecturer, compared to classes in which like 115 (where he was so awesome). Though this class did not give Garret as much of a chance to show off his knowledge, it did give him the opportunity to work closely with all of his students and work at ensuring a high level of understanding. In both times that I have been lucky enough to have Garrett as one of the TAs for a class, I have always been relieved in knowing that there is for sure someone there who is going to put the effort into helping all students and truly caring about the learning environment.  Garrett is an amazing person and teacher who has provided his students with an environment that strives for comprehension and inquisition. Garrett does not stray away from questions and works to make sure that each student is both seen and heard in a class such as this which is both incredibly large and difficult. Bravo.",06/05/2017 at 12:51:23 am,O
12,4,3,8,1,9,9,9,9,9,9,9,9,3,3,3,2,2,2,3,3,[IMAGE],06/05/2017 at 11:48:47 am,O
13,4,4,1,1,9,9,9,9,9,9,9,9,3,2,3,2,2,2,2,2,"Best TA in the psych department. He was really concerned about students and how they interpreted information. He was always willing to help and ready to respond to any question. He has a very wide scope of knowledge and was always prepared to help students learn the material. If a student was not understanding the material, he would explain it in another way. He was always quick to respond to emails and very thorough in his explanations. ",06/05/2017 at 12:25:16 pm,O
14,4,5,1,1,9,9,9,9,8,8,9,9,3,2,2,2,2,2,3,3,[IMAGE],06/06/2017 at 04:02:56 pm,O
15,4,5,1,1,6,7,7,7,7,7,7,7,2,2,2,2,2,2,2,2,[IMAGE],06/08/2017 at 01:47:53 pm,O
16,4,5,4,1,9,9,9,9,9,9,9,9,3,2,3,3,3,2,3,3,"The nicest guy ever, super helpful and willing to answer questions. He also went out of his way to make sure you understood the concepts. Specifically writing a review for him because he was my favorite TA.",06/09/2017 at 09:25:44 pm,O
17,4,5,8,1,9,9,9,9,9,9,9,9,2,2,2,2,2,2,3,3,Great TA! Always super friendly and willing to help. Never makes you feel stupid if you ask a question or get something wrong. ,06/09/2017 at 11:10:09 pm,O
18,4,5,1,1,7,7,7,7,7,7,7,7,2,2,2,2,2,2,2,2,[IMAGE],06/10/2017 at 12:54:47 am,O
