﻿Sheet,"Year in School:","UCLA GPA:","Expected Grade:","What requirements does this course fulfill?","Teaching Assistant Knowledge – The T.A. was knowledgeable about the material.","Teaching Assistant Concern – The T.A. was concerned about student learning.","Organization – Section presentations were well prepared and organized.","Scope – The teaching assistant expanded on course ideas.","Interaction – Students felt welcome in seeking help in or outside of the class.","Communication Skills – The teaching assistant had good communication skills.","Value – The overall value of the sections justified your time and effort.","Overall – What is your overall rating of the teaching assistant?","Difficulty (relative to other courses)","Workload/pace was","Integration of section with course was","Texts, required readings","Homework assignments","Graded materials, examinations","Lecture presentations","Class discussions","Please identify what you perceive to be the real strengths and weaknesses of this teaching assistant and course.",timestamp,Source of dataset
1,4,3,2,1,8,8,8,8,8,8,8,8,3,2,2,2,2,2,2,2,"Garrett is a great TA. He is nice and knows the information well. The one thing that I did not like about section is that I wish he brings in a different perspective and learning style to the information taught. Because the concepts taught in the class is difficult, I was looking forward to hearing the information taught in a different way because sometimes I do not understand what the professor is saying. But Garrett seems to repeat the information the same way professor taught it in class. ",11/22/2016 at 10:40:54 am,"O"
2,4,5,1,1,9,9,9,9,9,9,9,9,3,2,3,3,3,3,3,3,"I really enjoyed the class, my TA gave us a very approachable and acceptable environment to learn new material ",11/22/2016 at 12:38:30 pm,"O"
3,3,5,1,1,8,9,9,9,9,9,9,9,2,2,3,2,2,2,3,3,"[IMAGE]",11/22/2016 at 05:03:26 pm,"O"
4,4,5,8,1,6,8,8,7,8,8,7,8,2,2,2,2,2,2,2,2,"He tried really hard to create powerpoints that gave examples of lecture topics that we could actually see the relevance. His section was pretty good, but felt short because quiz took up part of the time so we didn't get to cover a lot of the material in section",11/22/2016 at 07:30:16 pm,"O"
5,4,3,1,1,9,9,9,9,9,9,9,9,3,2,3,3,2,3,3,3,"[IMAGE]",11/22/2016 at 08:08:01 pm,"M"
6,4,4,2,1,8,8,9,7,8,8,9,9,3,2,3,3,3,2,3,3,"Very knowledgable, very personable, had great presentations for discussion section with pretty complex animations that really helped me visualize some of the difficult processes.",11/23/2016 at 08:59:23 am,"O"
7,4,5,2,1,8,9,9,9,9,9,8,9,2,2,3,3,3,3,3,3,"The TA really helped expand the material and helped me understand the material. I felt like he cared about us and wanted to help us learn as much as possible. Section was well organized and helped put lecture material together. ",11/23/2016 at 12:35:53 pm,"O"
8,4,5,1,1,8,9,9,9,9,9,9,9,2,2,3,1,2,3,3,3,"[IMAGE]",11/26/2016 at 05:16:05 pm,"O"
9,4,5,1,1,9,9,9,9,9,9,9,9,2,2,3,2,2,3,3,3,"Blair was an excellent T.A. This T.A was very concerned with the students' learning and absorption of material. He provided fun and unconventional ways to help the student's learn complicated concepts that were difficult to visualize. His passion for the subject and teaching was one that is very rarely seen in other T.A's. Something that I suggest is maybe increasing interactive participation during discussion. For example, have students explain and discuss difficult concepts to each other, and have one student from each group to explain the concept to the class, and have other students add to the explanation. Overall I was very thankful to have such a great T.A. for the quarter. Thank you. ",11/26/2016 at 06:41:40 pm,"O"
10,3,4,2,1,8,8,7,8,8,7,8,8,3,3,3,2,2,2,2,2,"[IMAGE]",11/26/2016 at 09:22:45 pm,"O"
11,4,3,2,1,8,7,8,8,7,8,8,8,3,3,2,2,0,1,3,2,"[IMAGE]",11/26/2016 at 09:32:24 pm,"O"
12,3,3,2,1,8,8,8,8,8,8,8,8,3,2,3,3,3,3,3,3,"[IMAGE]",11/28/2016 at 08:57:49 am,"O"
13,3,3,2,1,9,9,9,9,9,9,9,9,2,2,3,3,3,3,3,3,"He was a great TA and was very responsive to emails. I definitely enjoyed his section",11/29/2016 at 12:11:22 pm,"M"
14,3,4,2,1,8,8,8,8,8,8,8,8,2,2,3,2,2,2,2,2,"Garrett says he is a first time TA, but you would never be able to tell! His sections were always organized and definitely worth my time. The quizzes produced were fair and tested our class on materials we learned, not obscure ideas. He was always able to answer any question we threw at him, and if he wasn't immediately able to, he always followed up with a helpful email where he provided the answer/clarifications.",11/29/2016 at 12:21:35 pm,"O"
15,2,5,8,1,9,9,9,9,9,9,9,9,2,2,3,3,3,3,3,3,"I liked how Garrett picked what he thought was most important slides directly from the lectures. He made an effort to call out students and engage them..",11/29/2016 at 03:30:07 pm,"O"
16,4,5,1,1,9,9,9,9,9,9,9,9,3,3,3,3,3,3,3,3,"[IMAGE]",11/29/2016 at 09:21:05 pm,"O"
17,4,4,8,1,9,9,9,9,9,9,9,9,2,2,3,0,0,0,0,3,"very friendly and knowledgeable! He is probably one of the best TAs I have ever had.",11/30/2016 at 04:07:19 pm,"O"
18,4,,3,2,9,9,9,9,9,9,9,9,3,2,3,3,3,3,3,3,"So far the best TA I had. He knows the material really well and also able to explain it to us well (some TAs may know the stuff but can't explain really well).Section is interesting cause of him",12/02/2016 at 02:16:03 pm,"O"
19,4,5,1,1,9,9,9,9,9,9,9,9,2,2,3,3,3,3,3,3,"Garrett was a great TA, he was super knowledgeable about the subject matter and he made an effort to ensure that students understood the material! Overall, I really enjoyed being in Ggarrett's section this quarter!",12/02/2016 at 04:59:32 pm,"O"
20,6,6,2,1,8,8,8,5,7,7,5,7,3,3,3,2,3,2,2,2,"I made a mistake the professor was always there for office hours and helped me learn the right way to study.  The TA seemed to care about the students.",12/03/2016 at 07:37:34 am,"O"
