﻿Sheet,"Year in School:","UCLA GPA:","Expected Grade:","What requirements does this course fulfill?","Teaching Assistant Knowledge – The T.A. was knowledgeable about the material.","Teaching Assistant Concern – The T.A. was concerned about student learning.","Organization – Section presentations were well prepared and organized.","Scope – The teaching assistant expanded on course ideas.","Interaction – Students felt welcome in seeking help in or outside of the class.","Communication Skills – The teaching assistant had good communication skills.","Value – The overall value of the sections justified your time and effort.","Overall – What is your overall rating of the teaching assistant?","Difficulty (relative to other courses)","Workload/pace was","Integration of section with course was","Texts, required readings","Homework assignments","Graded materials, examinations","Lecture presentations","Class discussions","Please identify what you perceive to be the real strengths and weaknesses of this teaching assistant and course.",timestamp,Source of dataset
1,4,5,6,1,9,9,9,9,9,9,9,9,1,3,0,0,0,2,2,3,"Blair is an amazing TA and has been super helpful throughout the entire quarter. He is very clear and is great in facilitating learning. He can help get students to think critically in the correct way. Enjoyed having him as a TA. Super kind.!",05/26/2020 at 03:59:57 pm,"O"
2,4,5,1,1,7,7,7,7,7,7,7,8,0,0,0,0,0,0,0,0,"[IMAGE]",05/29/2020 at 01:48:41 am,"O"
3,4,,1,1,7,7,7,7,7,7,4,7,2,2,2,2,2,2,0,0,"[IMAGE]",05/31/2020 at 09:19:05 pm,"O"
4,,,,,,,,,,,,,,,,,,,,,"[IMAGE]",06/02/2020 at 06:21:10 pm,"O"
5,4,5,,,9,6,9,8,5,6,8,7,3,2,3,2,3,3,3,3,"Good TA, overall.",06/04/2020 at 07:17:08 pm,"O"
6,3,4,2,1,8,6,8,5,5,6,5,6,2,2,2,2,2,2,3,3,"Dr. Blair had well prepared presentations and was helpful when answering questions. ",06/05/2020 at 09:25:11 pm,"O"
7,4,5,8,1,9,9,9,9,9,9,9,9,2,2,2,0,3,3,3,3,"TA was very knowledgable in the material and gave well explained answers to students' questions. TA is approachable and concerned for student learning. ",06/06/2020 at 02:07:10 am,"O"
