﻿Sheet,"Year in School:","UCLA GPA:","Expected Grade:","What requirements does this course fulfill?","Teaching Assistant Knowledge – The T.A. was knowledgeable about the material.","Teaching Assistant Concern – The T.A. was concerned about student learning.","Organization – Section presentations were well prepared and organized.","Scope – The teaching assistant expanded on course ideas.","Interaction – Students felt welcome in seeking help in or outside of the class.","Communication Skills – The teaching assistant had good communication skills.","Value – The overall value of the sections justified your time and effort.","Overall – What is your overall rating of the teaching assistant?","Difficulty (relative to other courses)","Workload/pace was","Integration of section with course was","Texts, required readings","Homework assignments","Graded materials, examinations","Lecture presentations","Class discussions","Please identify what you perceive to be the real strengths and weaknesses of this teaching assistant and course.",timestamp,Source of dataset
1,4,3,2,1,8,8,9,9,9,9,9,9,3,2,3,2,2,2,2,,"Garrett really helped clarify a lot of the material from the course that was difficult to master. His presentations were very well organized and he was great at keeping the class from getting too boring. Overall, he was a great TA!",11/22/2016 at 01:16:21 pm,"O"
2,3,5,1,1,9,9,9,9,9,9,9,9,2,2,3,2,0,2,3,3,"Garrett is a very helpful TA and always made a strong effort to help us understand the material. ",11/22/2016 at 02:42:05 pm,"O"
3,4,5,2,1,9,9,9,9,9,9,9,9,2,3,3,2,2,2,3,3,"[IMAGE]",11/22/2016 at 07:03:51 pm,"O"
4,4,4,2,1,9,9,9,9,9,9,9,9,2,2,3,2,2,1,2,2,"A great TA. Very approachable and knowledgable. Really concerned with how his students are finding the course and what more he can do to help them. ",11/25/2016 at 04:42:13 pm,"O"
5,4,4,8,1,8,8,8,7,8,8,8,8,3,3,2,1,1,2,2,2,"[IMAGE]",11/25/2016 at 06:52:31 pm,"O"
6,2,5,2,1,9,9,9,9,9,9,9,9,3,3,3,3,3,3,3,3,"I looked forward to section every week; just knowing how much time and effort he put into every presentation motivated me actively pay attention and learn. Time flies in section-- I genuinely enjoy it, and actually learn despite the time constraint. Garrett is extremely approachable and really cares for his students.",11/27/2016 at 03:34:06 pm,"O"
7,4,5,1,1,8,8,8,8,7,7,7,8,2,2,2,2,2,2,2,2,"[IMAGE]",11/28/2016 at 01:12:04 pm,"O"
8,4,,,1,9,8,9,9,9,9,9,9,3,3,3,2,0,2,2,3,"[IMAGE]",11/28/2016 at 01:20:30 pm,"O"
9,4,4,3,1,7,9,9,7,9,9,9,9,2,2,3,0,0,2,3,0,"Garrett was an extremely helpful T.A. He always tried to help us understand, always asked if there was anything we didn't understand, and if there were difficult concepts he let us know what he found difficult as well. He is extremely approachable, which makes him a great teacher as it's easy to ask him questions if needed. He also is knowledgable, and if ever there is something that is new to him, he tries to learn it well and help us understand as well. ",11/29/2016 at 09:13:21 am,"O"
10,3,4,2,1,9,9,9,9,9,9,9,9,3,2,3,2,0,1,2,3,"TA was great, really nice guy and clearly very knowledgeable about the topic. He also understood the shortcomings of the professor, and tried to compensate for them.",11/29/2016 at 01:08:15 pm,"M"
11,4,4,1,1,9,9,9,9,9,9,7,9,2,2,3,3,3,3,3,3,"[IMAGE]",11/29/2016 at 01:09:57 pm,"M"
12,4,3,2,1,9,9,9,9,9,9,9,9,3,2,3,3,3,3,3,3,"[IMAGE]",11/29/2016 at 01:15:36 pm,"O"
13,4,4,8,1,7,7,8,7,8,8,8,8,2,2,3,0,0,2,0,2,"Garrett seems to really care if the students understand the topics or not. He also keeps discussions interesting with jokes and puns.",11/29/2016 at 01:17:13 pm,"O"
14,4,5,2,1,9,9,9,9,9,9,9,9,3,3,3,2,0,2,2,3,"Extremely knowledgeable and caring TA! Definitely helped all of his students better understand all of this difficult material. Knew what he was talking about for sure.  Also he's really cute, which is unrelated to the class in general but it definitely helped everyone survive this class. ",11/29/2016 at 01:41:12 pm,"O"
15,4,3,2,1,8,8,9,7,8,9,9,8,2,2,3,2,0,2,2,2,"[IMAGE]",11/29/2016 at 01:58:33 pm,"O"
16,4,4,2,1,9,9,9,9,9,9,9,9,2,2,3,3,3,3,3,3,"Garret expanded the scope of lecture materials to a more practical and in depth discussions during the sessions. He has a great depth of knowledge when it comes to the concepts presented during the lecture and all the discussions correlated with the lecture material. His time management during the sessions were excellent.",11/29/2016 at 04:30:48 pm,"O"
17,4,4,1,1,9,9,9,9,9,9,9,9,2,2,3,0,0,3,3,3,"Garrett was very knowledgeable on all topics covered in discussion. He was approachable, funny, and very helpful! ",11/29/2016 at 07:42:18 pm,"O"
18,4,4,8,1,9,9,9,9,9,9,9,9,3,2,3,0,0,2,3,3,"[IMAGE]",11/29/2016 at 10:17:03 pm,"O"
19,4,4,2,1,9,9,9,9,9,9,9,9,3,2,3,3,3,3,3,3,"Garrett was one of the best TA's I've had during my time here at UCLA. He has been personable, witty and is able to elaborate on any topic that the class has covered. He also has patience when students ask him to repeatedly cover the same material and is very good at taking different approaches to get everyone to understand a topic. He's very enthusiastic when it comes to the material, and makes discussion sections fun to attend. THANKS GARRETT!",11/29/2016 at 11:21:42 pm,"O"
20,4,5,8,1,7,8,8,7,7,7,7,8,2,2,2,2,2,2,2,2,"Garrett was very patient and concerned with our learning. ",11/30/2016 at 02:03:43 pm,"M"
21,3,5,1,1,8,8,8,8,8,8,8,8,3,2,3,0,0,2,3,3,"Garrett was a really nice and informative TA. His presentations were helpful in understanding the material that was covered in lecture, and he always addressed student questions very well. Overall, I enjoyed having him as a TA.",11/30/2016 at 04:54:58 pm,"O"
22,4,4,1,1,9,9,9,9,9,9,9,9,3,2,3,3,3,3,3,3,"Extremely knowledgable and great communication skills. Also thank you so much for being so understanding of all the situations and craziness i went through this quarter. One of the best TA's I have ever had, very helpful and really cares about his students.",12/02/2016 at 07:51:39 pm,"O"
