﻿Sheet,"Year in School:","UCLA GPA:","Expected Grade:","What requirements does this course fulfill?","Teaching Assistant Knowledge – The T.A. was knowledgeable about the material.","Teaching Assistant Concern – The T.A. was concerned about student learning.","Organization – Section presentations were well prepared and organized.","Scope – The teaching assistant expanded on course ideas.","Interaction – Students felt welcome in seeking help in or outside of the class.","Communication Skills – The teaching assistant had good communication skills.","Value – The overall value of the sections justified your time and effort.","Overall – What is your overall rating of the teaching assistant?","Difficulty (relative to other courses)","Workload/pace was","Integration of section with course was","Texts, required readings","Homework assignments","Graded materials, examinations","Lecture presentations","Class discussions","Please identify what you perceive to be the real strengths and weaknesses of this teaching assistant and course.",timestamp,Source of dataset
1,3,5,8,1,9,9,9,9,9,9,9,9,3,2,3,2,2,2,3,3,"Garrett reviewed the material really well in discussion and was very helpful. Awesome TA! ",11/22/2016 at 11:27:50 am,"O"
2,4,5,1,1,9,9,9,9,9,9,9,9,2,3,3,3,2,2,3,3,"Garrett was a great TA ! He really took the time to make us understand the concepts whenever they weren't so clear to us. ",11/22/2016 at 12:26:51 pm,"O"
3,4,5,1,1,9,9,9,9,9,9,9,9,3,2,3,3,3,3,3,3,"Garrett always goes above and beyond in the PowerPoints he presents to the class regarding the topics gone over in lecture. He adds many animations that elaborate on some of the topics and the pathways, which can be a bit difficult to understand from a static image. He is extremely enthusiastic about the material, which makes it learning the material enjoyable. He always stops to ask if we have questions or concerns (something that very few TA's do), and rather than simply just reiterating what was gone over in lecture, he elaborates on the material to make sure that it really sinks in. Lastly, to really make the material applicable and memorable, he presents a few videos every now and then. Nevertheless, there are times when he can't immediately answer a question. However, he always makes sure to ask the other TA's and the professor for clarification; then afterwards he emails all of the students with a follow up response. All in all, it is evident that teaching this material is something that he is passionate about, and this quality makes for a really great professor in the future. ",11/22/2016 at 03:02:02 pm,"O"
4,3,4,8,1,8,8,8,8,8,8,8,8,2,2,2,2,2,2,2,2,"[IMAGE]",11/23/2016 at 12:06:12 pm,"O"
5,3,6,8,2,9,9,9,9,9,9,9,9,3,2,3,3,3,3,3,3,"He truly understands the material and is able to explain it to students when they do not understand the concepts. He has a pleasant and approachable attitude. ",11/23/2016 at 07:21:12 pm,"O"
6,3,5,3,1,7,9,8,7,9,8,7,7,2,0,3,0,0,0,0,0,"Interesting TA, was very passionate about helping students learn. Reviews covered what lectures covered, often simpler and better.",11/28/2016 at 12:06:50 am,"O"
7,3,5,1,1,8,9,9,9,9,9,9,8,2,2,3,0,0,0,0,3,"Definitely expanding on lecture ideas, or presenting them from another means. Reiterating material is not as helpful in my opinion, when we could rewatch bruincast as well. Especially if we're just going over the lecture slides. Garrett is a great TA, clearly invested in our learning the material, and definitely helped us to cross that bridge in the learning gap before exams in his OH. Thank you,",11/28/2016 at 11:48:53 am,"O"
8,3,4,8,1,9,9,9,9,9,9,9,9,2,2,3,2,0,2,3,3,"Really great TA. Very knowledgeable about the subject matter. If there was ever a time in which he was unsure about the answer to a question, he would email us that same day. Did not mind scheduling time outside of office hours if a student requested it of him.",11/29/2016 at 08:15:03 am,"O"
9,3,4,2,1,9,8,7,8,8,8,8,9,3,2,2,2,2,2,2,2,"He was clear and concise in his presentations and had a real enthusiasm for the course material!",11/29/2016 at 10:41:44 am,"O"
10,3,5,8,,9,9,9,9,9,9,9,9,3,3,2,2,2,2,2,3,"Garrett was extremely helpful and knowledgeable as a TA",11/29/2016 at 09:25:16 pm,"O"
11,3,3,2,1,7,8,8,7,8,8,8,8,3,3,2,1,2,1,1,3,"Garrett did the best job he could with a bad professor. He tried to let us know what to expect on exams and what important topics to know about. He was always prepared for discussion. He's a solid TA overall. ",11/30/2016 at 01:27:22 pm,"O"
12,3,5,2,1,9,9,9,9,9,9,9,9,3,3,3,2,2,2,2,3,"Course sucked, mainly because I did not enjoy the professor. Garrett, however, was great. I had a really early discussion session but he would come in and still be really energetic and enthusiastic about the material. Garrett is a good dude. ",11/30/2016 at 09:46:59 pm,"O"
13,4,5,1,1,9,9,9,9,9,9,9,9,3,2,3,2,2,2,2,3,"[IMAGE]",12/01/2016 at 08:18:17 am,"O"
14,,,,,7,8,7,7,7,7,7,7,,,,,,,,,"[IMAGE]",12/01/2016 at 02:52:06 pm,"O"
15,3,4,1,1,9,9,9,6,9,9,9,9,2,3,3,2,2,2,3,3,"Garrett was a great TA and I genuinely enjoyed his section (even though it was an 8AM section). He was very knowledgeable and excited about the material, I just feel like because it was an 8AM discussion that the rest of the class wouldn't reciprocate his energy (I went to one of his 12PM discussions once and it was much more lively and the class better reciprocated his energy). The discussions were very organized, good reviews about the material we'd gone over since the last discussion, and Garrett made sure to make the presentations more interesting than they were (like Ice Cube with the ice cube model). I do wish the discussions could have been a little more interactive, because they only seemed to be interactive when we went over the quizzes. Overall, Garrett was a great TA. If I had to choose who my TA for Psych 115 would be again, I would pick Garrett for sure.",12/02/2016 at 11:03:58 pm,"O"
